information_set,feature,coefficient,scale,selected_parameters_json
B0,__INTERCEPT__,-11.510055656083384,GAMMA_LOG_LINK,"{""alpha"":0.0,""max_iter"":2000,""tol"":1e-08}"
B0,numeric__b0v2_log_spot,0.1182510122100329,STANDARDIZED_NUMERIC_OR_ONE_HOT_GAMMA_LOG_LINK,"{""alpha"":0.0,""max_iter"":2000,""tol"":1e-08}"
B0,numeric__b0v2_underlying_return_5m,-0.017593287529634172,STANDARDIZED_NUMERIC_OR_ONE_HOT_GAMMA_LOG_LINK,"{""alpha"":0.0,""max_iter"":2000,""tol"":1e-08}"
B0,numeric__b0v2_underlying_rv_5m,0.0033658317902165824,STANDARDIZED_NUMERIC_OR_ONE_HOT_GAMMA_LOG_LINK,"{""alpha"":0.0,""max_iter"":2000,""tol"":1e-08}"
B0,numeric__b0v2_underlying_rv_30m,0.19822192607247222,STANDARDIZED_NUMERIC_OR_ONE_HOT_GAMMA_LOG_LINK,"{""alpha"":0.0,""max_iter"":2000,""tol"":1e-08}"
B0,numeric__b0v2_log_dollar_volume_5m,0.4503558091166848,STANDARDIZED_NUMERIC_OR_ONE_HOT_GAMMA_LOG_LINK,"{""alpha"":0.0,""max_iter"":2000,""tol"":1e-08}"
B0,numeric__b0v2_spy_return_5m,-0.041375679096880315,STANDARDIZED_NUMERIC_OR_ONE_HOT_GAMMA_LOG_LINK,"{""alpha"":0.0,""max_iter"":2000,""tol"":1e-08}"
B0,numeric__b0v2_spy_rv_30m,-0.08727644844288927,STANDARDIZED_NUMERIC_OR_ONE_HOT_GAMMA_LOG_LINK,"{""alpha"":0.0,""max_iter"":2000,""tol"":1e-08}"
B0,numeric__b0v2_qqq_return_5m,0.003979479002785031,STANDARDIZED_NUMERIC_OR_ONE_HOT_GAMMA_LOG_LINK,"{""alpha"":0.0,""max_iter"":2000,""tol"":1e-08}"
B0,numeric__b0v2_qqq_rv_30m,0.2444609048300234,STANDARDIZED_NUMERIC_OR_ONE_HOT_GAMMA_LOG_LINK,"{""alpha"":0.0,""max_iter"":2000,""tol"":1e-08}"
B0,numeric__b0v2_session_sine,0.08725010661975317,STANDARDIZED_NUMERIC_OR_ONE_HOT_GAMMA_LOG_LINK,"{""alpha"":0.0,""max_iter"":2000,""tol"":1e-08}"
B0,numeric__b0v2_session_cosine,0.008008138718360562,STANDARDIZED_NUMERIC_OR_ONE_HOT_GAMMA_LOG_LINK,"{""alpha"":0.0,""max_iter"":2000,""tol"":1e-08}"
B0,categorical__b0v2_asset_identity_AAPL,-0.5260070677271743,STANDARDIZED_NUMERIC_OR_ONE_HOT_GAMMA_LOG_LINK,"{""alpha"":0.0,""max_iter"":2000,""tol"":1e-08}"
B0,categorical__b0v2_asset_identity_AMZN,0.1203164811162707,STANDARDIZED_NUMERIC_OR_ONE_HOT_GAMMA_LOG_LINK,"{""alpha"":0.0,""max_iter"":2000,""tol"":1e-08}"
B0,categorical__b0v2_asset_identity_META,0.0350104083296753,STANDARDIZED_NUMERIC_OR_ONE_HOT_GAMMA_LOG_LINK,"{""alpha"":0.0,""max_iter"":2000,""tol"":1e-08}"
B0,categorical__b0v2_asset_identity_MSFT,-0.4785806275298494,STANDARDIZED_NUMERIC_OR_ONE_HOT_GAMMA_LOG_LINK,"{""alpha"":0.0,""max_iter"":2000,""tol"":1e-08}"
B0,categorical__b0v2_asset_identity_NVDA,0.09141223998187702,STANDARDIZED_NUMERIC_OR_ONE_HOT_GAMMA_LOG_LINK,"{""alpha"":0.0,""max_iter"":2000,""tol"":1e-08}"
B0,categorical__b0v2_asset_identity_TSLA,0.39726573570173984,STANDARDIZED_NUMERIC_OR_ONE_HOT_GAMMA_LOG_LINK,"{""alpha"":0.0,""max_iter"":2000,""tol"":1e-08}"
B1v3a,__INTERCEPT__,-11.559040835683458,GAMMA_LOG_LINK,"{""alpha"":0.1,""max_iter"":2000,""tol"":1e-08}"
B1v3a,numeric__b0v2_log_spot,0.05783397721354086,STANDARDIZED_NUMERIC_OR_ONE_HOT_GAMMA_LOG_LINK,"{""alpha"":0.1,""max_iter"":2000,""tol"":1e-08}"
B1v3a,numeric__b0v2_underlying_return_5m,-0.013056098736836908,STANDARDIZED_NUMERIC_OR_ONE_HOT_GAMMA_LOG_LINK,"{""alpha"":0.1,""max_iter"":2000,""tol"":1e-08}"
B1v3a,numeric__b0v2_underlying_rv_5m,0.05534701139831344,STANDARDIZED_NUMERIC_OR_ONE_HOT_GAMMA_LOG_LINK,"{""alpha"":0.1,""max_iter"":2000,""tol"":1e-08}"
B1v3a,numeric__b0v2_underlying_rv_30m,0.21284079254992588,STANDARDIZED_NUMERIC_OR_ONE_HOT_GAMMA_LOG_LINK,"{""alpha"":0.1,""max_iter"":2000,""tol"":1e-08}"
B1v3a,numeric__b0v2_log_dollar_volume_5m,0.38035033805247803,STANDARDIZED_NUMERIC_OR_ONE_HOT_GAMMA_LOG_LINK,"{""alpha"":0.1,""max_iter"":2000,""tol"":1e-08}"
B1v3a,numeric__b0v2_spy_return_5m,-0.029115049699742133,STANDARDIZED_NUMERIC_OR_ONE_HOT_GAMMA_LOG_LINK,"{""alpha"":0.1,""max_iter"":2000,""tol"":1e-08}"
B1v3a,numeric__b0v2_spy_rv_30m,0.028677749838781907,STANDARDIZED_NUMERIC_OR_ONE_HOT_GAMMA_LOG_LINK,"{""alpha"":0.1,""max_iter"":2000,""tol"":1e-08}"
B1v3a,numeric__b0v2_qqq_return_5m,-0.007789209702909122,STANDARDIZED_NUMERIC_OR_ONE_HOT_GAMMA_LOG_LINK,"{""alpha"":0.1,""max_iter"":2000,""tol"":1e-08}"
B1v3a,numeric__b0v2_qqq_rv_30m,0.10322412826460506,STANDARDIZED_NUMERIC_OR_ONE_HOT_GAMMA_LOG_LINK,"{""alpha"":0.1,""max_iter"":2000,""tol"":1e-08}"
B1v3a,numeric__b0v2_session_sine,0.10129712647004875,STANDARDIZED_NUMERIC_OR_ONE_HOT_GAMMA_LOG_LINK,"{""alpha"":0.1,""max_iter"":2000,""tol"":1e-08}"
B1v3a,numeric__b0v2_session_cosine,0.02116118001463277,STANDARDIZED_NUMERIC_OR_ONE_HOT_GAMMA_LOG_LINK,"{""alpha"":0.1,""max_iter"":2000,""tol"":1e-08}"
B1v3a,numeric__b1v3_log_atm_variance_30d,0.14714294515869877,STANDARDIZED_NUMERIC_OR_ONE_HOT_GAMMA_LOG_LINK,"{""alpha"":0.1,""max_iter"":2000,""tol"":1e-08}"
B1v3a,numeric__b1v3_log_atm_variance_change_5m,-0.004748453761768427,STANDARDIZED_NUMERIC_OR_ONE_HOT_GAMMA_LOG_LINK,"{""alpha"":0.1,""max_iter"":2000,""tol"":1e-08}"
B1v3a,numeric__b1v3_log_atm_variance_change_30m,0.0073589913659003045,STANDARDIZED_NUMERIC_OR_ONE_HOT_GAMMA_LOG_LINK,"{""alpha"":0.1,""max_iter"":2000,""tol"":1e-08}"
B1v3a,categorical__b0v2_asset_identity_AAPL,-0.21051845864487054,STANDARDIZED_NUMERIC_OR_ONE_HOT_GAMMA_LOG_LINK,"{""alpha"":0.1,""max_iter"":2000,""tol"":1e-08}"
B1v3a,categorical__b0v2_asset_identity_AMZN,0.0965542520985179,STANDARDIZED_NUMERIC_OR_ONE_HOT_GAMMA_LOG_LINK,"{""alpha"":0.1,""max_iter"":2000,""tol"":1e-08}"
B1v3a,categorical__b0v2_asset_identity_META,0.0908188364515652,STANDARDIZED_NUMERIC_OR_ONE_HOT_GAMMA_LOG_LINK,"{""alpha"":0.1,""max_iter"":2000,""tol"":1e-08}"
B1v3a,categorical__b0v2_asset_identity_MSFT,-0.14722523531864112,STANDARDIZED_NUMERIC_OR_ONE_HOT_GAMMA_LOG_LINK,"{""alpha"":0.1,""max_iter"":2000,""tol"":1e-08}"
B1v3a,categorical__b0v2_asset_identity_NVDA,-0.003049030868446265,STANDARDIZED_NUMERIC_OR_ONE_HOT_GAMMA_LOG_LINK,"{""alpha"":0.1,""max_iter"":2000,""tol"":1e-08}"
B1v3a,categorical__b0v2_asset_identity_TSLA,0.17342054042542362,STANDARDIZED_NUMERIC_OR_ONE_HOT_GAMMA_LOG_LINK,"{""alpha"":0.1,""max_iter"":2000,""tol"":1e-08}"
