asset,session_tercile,attempt_count,quote_returned_count,iv_success_count,median_quote_age_seconds,p95_quote_age_seconds,median_relative_spread,p95_relative_spread,failure_reason_counts_json
AAPL,ALL,128520,128520,125479,2.858702848,39.5108718592,0.01709401709401716,0.04444444444444429,"{""ARBITRAGE_BOUND"":10,""INVALID_SPREAD"":23,""NONE"":125479,""STALE_QUOTE"":3008}"
AAPL,first,45000,45000,44665,1.926817024,23.760569996799983,0.018126888217522705,0.04724409448818895,"{""ARBITRAGE_BOUND"":8,""INVALID_SPREAD"":17,""NONE"":44665,""STALE_QUOTE"":310}"
AAPL,last,37170,37170,35741,3.8665152000000003,51.749957465599984,0.01662049861495849,0.042490715351774726,"{""ARBITRAGE_BOUND"":1,""INVALID_SPREAD"":4,""NONE"":35741,""STALE_QUOTE"":1424}"
AAPL,middle,46350,46350,45073,3.367219456,43.8236754688,0.016528925619834725,0.041666666666666706,"{""ARBITRAGE_BOUND"":1,""INVALID_SPREAD"":2,""NONE"":45073,""STALE_QUOTE"":1274}"
ALL,ALL,767376,767376,755772,2.219147008,31.079430656,0.013679890560875515,0.04081632653061219,"{""ARBITRAGE_BOUND"":27,""INVALID_SPREAD"":114,""NONE"":755772,""STALE_QUOTE"":11463}"
ALL,first,268700,268700,267459,1.460173824,18.379816307199995,0.01459854014598548,0.0454545454545455,"{""ARBITRAGE_BOUND"":19,""INVALID_SPREAD"":62,""NONE"":267459,""STALE_QUOTE"":1160}"
ALL,last,221928,221928,216308,2.994080768,40.819885836799976,0.013157894736842176,0.03773584905660381,"{""ARBITRAGE_BOUND"":3,""INVALID_SPREAD"":43,""NONE"":216308,""STALE_QUOTE"":5574}"
ALL,middle,276748,276748,272005,2.710104448,34.64191457279995,0.013245033112582781,0.03773584905660381,"{""ARBITRAGE_BOUND"":5,""INVALID_SPREAD"":9,""NONE"":272005,""STALE_QUOTE"":4729}"
AMZN,ALL,124776,124776,122392,2.9076453119999996,35.958854656,0.015873015873015817,0.04081632653061222,"{""ARBITRAGE_BOUND"":4,""INVALID_SPREAD"":17,""NONE"":122392,""STALE_QUOTE"":2363}"
AMZN,first,43700,43700,43478,1.871482112,20.383455782399935,0.01680672268907557,0.04477946589920328,"{""ARBITRAGE_BOUND"":4,""INVALID_SPREAD"":10,""NONE"":43478,""STALE_QUOTE"":208}"
AMZN,last,36078,36078,34884,4.029077888,48.058773696,0.015384615384615398,0.03773584905660381,"{""INVALID_SPREAD"":7,""NONE"":34884,""STALE_QUOTE"":1187}"
AMZN,middle,44998,44998,44030,3.58310848,39.86094828800001,0.015503875968992192,0.03846153846153849,"{""NONE"":44030,""STALE_QUOTE"":968}"
META,ALL,128520,128520,127241,3.4641994240000002,30.53295240959994,0.01506024096385542,0.04054054054054058,"{""INVALID_SPREAD"":6,""NONE"":127241,""STALE_QUOTE"":1273}"
META,first,45000,45000,44920,2.2694632959999996,18.311058201599977,0.01666666666666651,0.04651162790697672,"{""INVALID_SPREAD"":5,""NONE"":44920,""STALE_QUOTE"":75}"
META,last,37170,37170,36540,4.491237119999999,37.46754143999998,0.014218009478673018,0.03703703703703693,"{""INVALID_SPREAD"":1,""NONE"":36540,""STALE_QUOTE"":629}"
META,middle,46350,46350,45781,4.333231103999999,34.64737035519999,0.014440433212996338,0.03721565006636271,"{""NONE"":45781,""STALE_QUOTE"":569}"
MSFT,ALL,128520,128520,123824,4.98476032,50.29810791679985,0.019230769230769162,0.05871005706622106,"{""ARBITRAGE_BOUND"":13,""INVALID_SPREAD"":53,""NONE"":123824,""STALE_QUOTE"":4630}"
MSFT,first,45000,45000,44414,3.3221052159999997,29.03077224959986,0.02094240837696346,0.06666666666666674,"{""ARBITRAGE_BOUND"":7,""INVALID_SPREAD"":23,""NONE"":44414,""STALE_QUOTE"":556}"
MSFT,last,37170,37170,34920,7.09785856,68.28119106559987,0.018281535648994516,0.05333333333333338,"{""ARBITRAGE_BOUND"":2,""INVALID_SPREAD"":23,""NONE"":34920,""STALE_QUOTE"":2225}"
MSFT,middle,46350,46350,44490,5.96350016,53.94463484159964,0.018518518518518545,0.05357142857142854,"{""ARBITRAGE_BOUND"":4,""INVALID_SPREAD"":7,""NONE"":44490,""STALE_QUOTE"":1849}"
NVDA,ALL,128520,128520,128416,0.910081024,12.063307673599995,0.010050251256281372,0.0235294117647058,"{""INVALID_SPREAD"":6,""NONE"":128416,""STALE_QUOTE"":98}"
NVDA,first,45000,45000,44994,0.599804032,7.301472575999992,0.010471204188481638,0.02469135802469127,"{""INVALID_SPREAD"":1,""NONE"":44994,""STALE_QUOTE"":5}"
NVDA,last,37170,37170,37107,1.2567464959999999,15.84863868159998,0.009803921568627416,0.02298850574712656,"{""INVALID_SPREAD"":5,""NONE"":37107,""STALE_QUOTE"":58}"
NVDA,middle,46350,46350,46315,1.114130048,13.032519206399973,0.009756097560975749,0.022727272727272846,"{""NONE"":46315,""STALE_QUOTE"":35}"
TSLA,ALL,128520,128520,128420,0.852543872,11.047939558399962,0.008510638297872259,0.021685099115495723,"{""INVALID_SPREAD"":9,""NONE"":128420,""STALE_QUOTE"":91}"
TSLA,first,45000,45000,44988,0.60238528,6.521645030399993,0.0092592592592592,0.025316455696202594,"{""INVALID_SPREAD"":6,""NONE"":44988,""STALE_QUOTE"":6}"
TSLA,last,37170,37170,37116,1.047101056,14.378954175999999,0.008075370121130476,0.019563209393346274,"{""INVALID_SPREAD"":3,""NONE"":37116,""STALE_QUOTE"":51}"
TSLA,middle,46350,46350,46316,1.038196224,12.631168716799989,0.00819672131147538,0.019801980198019733,"{""NONE"":46316,""STALE_QUOTE"":34}"
